{"mean_fit_time":{"0":5.5679522355,"1":5.5698198477,"2":4.9038821856,"3":4.7419792016,"4":4.8350664775,"5":3.8161256313,"6":3.8633326689,"7":4.5824082692,"8":3.5195877552,"9":5.2133876483,"10":4.6668496927,"11":5.2519473235,"12":5.7373202642,"13":5.8513482412,"14":5.7782115142,"15":6.8982138634,"16":14.0407743454,"17":15.9879000187,"18":16.798729976,"19":16.7831052144},"mean_score_time":{"0":0.0126322905,"1":0.013297081,"2":0.0159569581,"3":0.0169539452,"4":0.012300094,"5":0.0129651229,"6":0.0156250795,"7":0.0169545015,"8":0.0126295884,"9":0.0142947833,"10":0.0159584681,"11":0.0166215897,"12":0.0119671822,"13":0.0139621099,"14":0.0162877242,"15":0.0169541836,"16":0.0119700432,"17":0.0132966042,"18":0.0156251589,"19":0.0156246821},"mean_test_score":{"0":0.9999141335,"1":0.9999270759,"2":0.9999302784,"3":0.9999240743,"4":0.9998864744,"5":0.9998997707,"6":0.999941311,"7":0.9999693322,"8":0.9999346901,"9":0.9999199016,"10":0.9999444723,"11":0.9999356271,"12":0.9999573121,"13":0.9999014855,"14":0.9999230361,"15":0.9999235693,"16":0.9999190934,"17":0.9999222514,"18":0.9999231512,"19":0.9999195762},"mean_train_score":{"0":0.9999134832,"1":0.9999261488,"2":0.9999307807,"3":0.9999238497,"4":0.9998896358,"5":0.9998981397,"6":0.9999415591,"7":0.9999694299,"8":0.9999346621,"9":0.9999205044,"10":0.9999441788,"11":0.9999365601,"12":0.9999578494,"13":0.9999001616,"14":0.9999231085,"15":0.9999238579,"16":0.9999192655,"17":0.9999228332,"18":0.9999233497,"19":0.9999197686},"param_alpha":{"0":0.000001,"1":0.000001,"2":0.000001,"3":0.000001,"4":0.00001,"5":0.00001,"6":0.00001,"7":0.00001,"8":0.0001,"9":0.0001,"10":0.0001,"11":0.0001,"12":0.001,"13":0.001,"14":0.001,"15":0.001,"16":0.01,"17":0.01,"18":0.01,"19":0.01},"param_hidden_layer_size":{"0":70,"1":80,"2":90,"3":100,"4":70,"5":80,"6":90,"7":100,"8":70,"9":80,"10":90,"11":100,"12":70,"13":80,"14":90,"15":100,"16":70,"17":80,"18":90,"19":100},"params":{"0":{"alpha":0.000001,"hidden_layer_sizes":[70,70]},"1":{"alpha":0.000001,"hidden_layer_sizes":[80,80]},"2":{"alpha":0.000001,"hidden_layer_sizes":[90,90]},"3":{"alpha":0.000001,"hidden_layer_sizes":[100,100]},"4":{"alpha":0.00001,"hidden_layer_sizes":[70,70]},"5":{"alpha":0.00001,"hidden_layer_sizes":[80,80]},"6":{"alpha":0.00001,"hidden_layer_sizes":[90,90]},"7":{"alpha":0.00001,"hidden_layer_sizes":[100,100]},"8":{"alpha":0.0001,"hidden_layer_sizes":[70,70]},"9":{"alpha":0.0001,"hidden_layer_sizes":[80,80]},"10":{"alpha":0.0001,"hidden_layer_sizes":[90,90]},"11":{"alpha":0.0001,"hidden_layer_sizes":[100,100]},"12":{"alpha":0.001,"hidden_layer_sizes":[70,70]},"13":{"alpha":0.001,"hidden_layer_sizes":[80,80]},"14":{"alpha":0.001,"hidden_layer_sizes":[90,90]},"15":{"alpha":0.001,"hidden_layer_sizes":[100,100]},"16":{"alpha":0.01,"hidden_layer_sizes":[70,70]},"17":{"alpha":0.01,"hidden_layer_sizes":[80,80]},"18":{"alpha":0.01,"hidden_layer_sizes":[90,90]},"19":{"alpha":0.01,"hidden_layer_sizes":[100,100]}},"rank_test_score":{"0":17,"1":8,"2":7,"3":9,"4":20,"5":19,"6":4,"7":1,"8":6,"9":14,"10":3,"11":5,"12":2,"13":18,"14":12,"15":10,"16":16,"17":13,"18":11,"19":15},"split0_test_score":{"0":0.9999579178,"1":0.9999741293,"2":0.9999616866,"3":0.9998844588,"4":0.9999323108,"5":0.9998614368,"6":0.9999499511,"7":0.9999728871,"8":0.9999251076,"9":0.9999374887,"10":0.9999772707,"11":0.9999585486,"12":0.999958222,"13":0.9999557144,"14":0.9999324664,"15":0.9998769968,"16":0.9999332146,"17":0.9999442985,"18":0.9999157818,"19":0.9999059021},"split0_train_score":{"0":0.9999586847,"1":0.9999736252,"2":0.9999612074,"3":0.9998836278,"4":0.9999350152,"5":0.9998595474,"6":0.9999500329,"7":0.9999735199,"8":0.999925656,"9":0.9999393518,"10":0.99997672,"11":0.9999599541,"12":0.9999594173,"13":0.9999561759,"14":0.9999347719,"15":0.9998766475,"16":0.99993414,"17":0.9999456316,"18":0.9999169912,"19":0.9999074125},"split1_test_score":{"0":0.9998878243,"1":0.9999177957,"2":0.9999340949,"3":0.9999253844,"4":0.9999114609,"5":0.9998951625,"6":0.9999349355,"7":0.9999464589,"8":0.9999427108,"9":0.9999587636,"10":0.999895231,"11":0.9999098148,"12":0.9999542774,"13":0.9998788776,"14":0.999910555,"15":0.9999618778,"16":0.9999013732,"17":0.9999104113,"18":0.9999290204,"19":0.9999365059},"split1_train_score":{"0":0.9998854962,"1":0.9999154666,"2":0.9999363259,"3":0.999924694,"4":0.9999091991,"5":0.9998931177,"6":0.9999345749,"7":0.9999459331,"8":0.9999407531,"9":0.9999595105,"10":0.9998923841,"11":0.9999107107,"12":0.9999545053,"13":0.9998752167,"14":0.9999097511,"15":0.9999623434,"16":0.9999005364,"17":0.9999092211,"18":0.9999283682,"19":0.9999357847},"split2_test_score":{"0":0.9998966583,"1":0.9998893026,"2":0.9998950537,"3":0.9999623796,"4":0.9998156515,"5":0.9999427127,"6":0.9999390465,"7":0.9999886506,"8":0.999936252,"9":0.9998634524,"10":0.9999609152,"11":0.9999385179,"12":0.9999594371,"13":0.9998698644,"14":0.999926087,"15":0.9999318334,"16":0.9999226925,"17":0.9999120445,"18":0.9999246516,"19":0.9999163205},"split2_train_score":{"0":0.9998962688,"1":0.9998893546,"2":0.9998948088,"3":0.9999632273,"4":0.999824693,"5":0.9999417541,"6":0.9999400694,"7":0.9999888368,"8":0.9999375772,"9":0.999862651,"10":0.9999634324,"11":0.9999390156,"12":0.9999596257,"13":0.9998690922,"14":0.9999248025,"15":0.9999325829,"16":0.9999231201,"17":0.9999136468,"18":0.9999246898,"19":0.9999161085},"std_fit_time":{"0":0.1575133227,"1":0.5180617607,"2":0.1999259085,"3":0.0753315195,"4":0.373472103,"5":0.4196496722,"6":0.2987629589,"7":0.6499950785,"8":0.5531259448,"9":0.073588871,"10":0.2820017344,"11":0.4935070598,"12":0.2962979807,"13":1.0964590528,"14":0.8991725662,"15":1.0475540819,"16":1.0192146907,"17":0.7698223441,"18":1.2993043167,"19":1.3603890744},"std_score_time":{"0":0.0004697969,"1":0.0012441976,"2":0.0000004052,"3":0.0000003893,"4":0.0004701341,"5":0.0000004899,"6":0.0009403244,"7":0.0008141015,"8":0.0009371211,"9":0.0009396499,"10":0.0008135205,"11":0.0004703595,"12":0.000000515,"13":0.0008132259,"14":0.0012444743,"15":0.0014110765,"16":0.0008170239,"17":0.000469179,"18":0.0012443675,"19":0.0032907698},"std_test_score":{"0":0.0000311695,"1":0.0000352466,"2":0.0000273363,"3":0.0000318245,"4":0.0000507976,"5":0.0000333404,"6":0.0000063358,"7":0.0000174071,"8":0.0000072709,"9":0.0000408496,"10":0.0000354533,"11":0.0000200002,"12":0.0000022025,"13":0.0000385218,"14":0.0000092018,"15":0.0000351418,"16":0.000013246,"17":0.0000156039,"18":0.0000055078,"19":0.0000127043},"std_train_score":{"0":0.0000322634,"1":0.0000352228,"2":0.0000273892,"3":0.0000325019,"4":0.0000471154,"5":0.0000337481,"6":0.000006398,"7":0.0000177525,"8":0.0000064989,"9":0.0000417281,"10":0.000037024,"11":0.0000201784,"12":0.0000023662,"13":0.0000396869,"14":0.0000102847,"15":0.000035525,"16":0.0000139867,"17":0.0000162219,"18":0.0000047403,"19":0.0000118685}}