{"mean_fit_time":{"0":4.3497312069,"1":4.4351357619,"2":5.6023474534,"3":5.5164680481,"4":7.8841924667,"5":7.9556584358,"6":6.0040686131,"7":5.0091121991,"8":5.2291902701,"9":6.4512550036,"10":6.1219654878,"11":7.3985434373,"12":5.0804095268,"13":5.3719634215,"14":4.7742288907,"15":6.4730184078,"16":6.3626477718,"17":7.7236719926,"18":6.8673068682,"19":4.5708049138,"20":6.5582566261,"21":6.164033095,"22":6.4401462078,"23":6.5943593184,"24":3.8689834277,"25":5.037857612,"26":5.9309711456,"27":5.5401863257,"28":5.9557432334,"29":6.0284543037},"std_fit_time":{"0":0.8942064614,"1":0.8715651225,"2":0.6627973477,"3":0.353084798,"4":1.4346290458,"5":0.6744144364,"6":0.4271654071,"7":0.8122391463,"8":0.5793378756,"9":1.1010400183,"10":0.2846897803,"11":0.3555970594,"12":0.3421655776,"13":1.1988583231,"14":0.0897711647,"15":0.4135873082,"16":0.7241919514,"17":1.1629398196,"18":0.925678109,"19":0.70499584,"20":0.7798069345,"21":1.1282821036,"22":0.5658242438,"23":0.3437619222,"24":0.234736079,"25":1.2702643459,"26":0.8891579694,"27":1.0844916105,"28":0.1936863068,"29":0.5816008939},"mean_score_time":{"0":0.0119675795,"1":0.0149615606,"2":0.0179517269,"3":0.0219413439,"4":0.0264340242,"5":0.0320929686,"6":0.0116356214,"7":0.0139624278,"8":0.0147988796,"9":0.0182839235,"10":0.0219411055,"11":0.0249326229,"12":0.0129653613,"13":0.0132975578,"14":0.014628013,"15":0.0189491113,"16":0.0216070811,"17":0.0259300073,"18":0.0126326879,"19":0.0139624278,"20":0.0159494877,"21":0.0186163584,"22":0.0226061344,"23":0.0272605419,"24":0.0123004119,"25":0.0136289597,"26":0.015460968,"27":0.0186166763,"28":0.0226059755,"29":0.0226055781},"std_score_time":{"0":0.000813615,"1":0.0016283017,"2":0.0014105708,"3":0.0016285921,"4":0.0026757905,"5":0.0018509516,"6":0.0004695721,"7":0.0008146854,"8":0.0006227547,"9":0.0012432208,"10":0.0014103459,"11":0.0008126418,"12":0.0014104584,"13":0.000470022,"14":0.0009403243,"15":0.0014100088,"16":0.0004684514,"17":0.0016284948,"18":0.0012436454,"19":0.0014099526,"20":0.0000111336,"21":0.0012437941,"22":0.0004705277,"23":0.0020494345,"24":0.0004707523,"25":0.0012440702,"26":0.0004071698,"27":0.0004700217,"28":0.0012437091,"29":0.0036728356},"param_alpha":{"0":0.0000001,"1":0.0000001,"2":0.0000001,"3":0.0000001,"4":0.0000001,"5":0.0000001,"6":0.0000005,"7":0.0000005,"8":0.0000005,"9":0.0000005,"10":0.0000005,"11":0.0000005,"12":0.000001,"13":0.000001,"14":0.000001,"15":0.000001,"16":0.000001,"17":0.000001,"18":0.000005,"19":0.000005,"20":0.000005,"21":0.000005,"22":0.000005,"23":0.000005,"24":0.00001,"25":0.00001,"26":0.00001,"27":0.00001,"28":0.00001,"29":0.00001},"param_hidden_layer_size":{"0":70,"1":80,"2":90,"3":100,"4":120,"5":150,"6":70,"7":80,"8":90,"9":100,"10":120,"11":150,"12":70,"13":80,"14":90,"15":100,"16":120,"17":150,"18":70,"19":80,"20":90,"21":100,"22":120,"23":150,"24":70,"25":80,"26":90,"27":100,"28":120,"29":150},"params":{"0":{"alpha":0.0000001,"hidden_layer_sizes":[70,70]},"1":{"alpha":0.0000001,"hidden_layer_sizes":[80,80]},"2":{"alpha":0.0000001,"hidden_layer_sizes":[90,90]},"3":{"alpha":0.0000001,"hidden_layer_sizes":[100,100]},"4":{"alpha":0.0000001,"hidden_layer_sizes":[120,120]},"5":{"alpha":0.0000001,"hidden_layer_sizes":[150,150]},"6":{"alpha":0.0000005,"hidden_layer_sizes":[70,70]},"7":{"alpha":0.0000005,"hidden_layer_sizes":[80,80]},"8":{"alpha":0.0000005,"hidden_layer_sizes":[90,90]},"9":{"alpha":0.0000005,"hidden_layer_sizes":[100,100]},"10":{"alpha":0.0000005,"hidden_layer_sizes":[120,120]},"11":{"alpha":0.0000005,"hidden_layer_sizes":[150,150]},"12":{"alpha":0.000001,"hidden_layer_sizes":[70,70]},"13":{"alpha":0.000001,"hidden_layer_sizes":[80,80]},"14":{"alpha":0.000001,"hidden_layer_sizes":[90,90]},"15":{"alpha":0.000001,"hidden_layer_sizes":[100,100]},"16":{"alpha":0.000001,"hidden_layer_sizes":[120,120]},"17":{"alpha":0.000001,"hidden_layer_sizes":[150,150]},"18":{"alpha":0.000005,"hidden_layer_sizes":[70,70]},"19":{"alpha":0.000005,"hidden_layer_sizes":[80,80]},"20":{"alpha":0.000005,"hidden_layer_sizes":[90,90]},"21":{"alpha":0.000005,"hidden_layer_sizes":[100,100]},"22":{"alpha":0.000005,"hidden_layer_sizes":[120,120]},"23":{"alpha":0.000005,"hidden_layer_sizes":[150,150]},"24":{"alpha":0.00001,"hidden_layer_sizes":[70,70]},"25":{"alpha":0.00001,"hidden_layer_sizes":[80,80]},"26":{"alpha":0.00001,"hidden_layer_sizes":[90,90]},"27":{"alpha":0.00001,"hidden_layer_sizes":[100,100]},"28":{"alpha":0.00001,"hidden_layer_sizes":[120,120]},"29":{"alpha":0.00001,"hidden_layer_sizes":[150,150]}},"split0_test_score":{"0":-0.0000485167,"1":-0.0000415595,"2":-0.0000196418,"3":-0.0000176126,"4":-0.000036875,"5":-0.0000237757,"6":-0.0000334035,"7":-0.0000232581,"8":-0.0000377263,"9":-0.0000167256,"10":-0.0000049172,"11":-0.0000094671,"12":-0.0000356487,"13":-0.0000380533,"14":-0.0000185861,"15":-0.0000227265,"16":-0.0000207324,"17":-0.0000200276,"18":-0.0000283341,"19":-0.0000223872,"20":-0.0000221227,"21":-0.0000373484,"22":-0.0000095999,"23":-0.0000312933,"24":-0.000041334,"25":-0.0000354786,"26":-0.0000545944,"27":-0.0000107424,"28":-0.0000112787,"29":-0.0000217452},"split1_test_score":{"0":-0.000041576,"1":-0.0000253988,"2":-0.0000680856,"3":-0.0000138195,"4":-0.0000593627,"5":-0.0000231763,"6":-0.000027194,"7":-0.0000443401,"8":-0.0000425634,"9":-0.000015697,"10":-0.0000187265,"11":-0.000008586,"12":-0.0000473153,"13":-0.0000332265,"14":-0.0000274926,"15":-0.0000352908,"16":-0.0000202256,"17":-0.0000140692,"18":-0.0000632833,"19":-0.000021539,"20":-0.0000428614,"21":-0.0000206732,"22":-0.0000169516,"23":-0.0000210784,"24":-0.0000816891,"25":-0.0000359271,"26":-0.0000214611,"27":-0.0000056715,"28":-0.0000175762,"29":-0.0000628839},"split2_test_score":{"0":-0.0000342245,"1":-0.0000178747,"2":-0.0000129123,"3":-0.0000590004,"4":-0.0000219256,"5":-0.0000114313,"6":-0.0000366732,"7":-0.0000236106,"8":-0.0000381296,"9":-0.0000129756,"10":-0.0000256179,"11":-0.0000333819,"12":-0.000038951,"13":-0.000039931,"14":-0.0000397818,"15":-0.00002293,"16":-0.0000399743,"17":-0.0000683285,"18":-0.0000450802,"19":-0.0000566533,"20":-0.0000223884,"21":-0.0000072907,"22":-0.0000525425,"23":-0.0000427787,"24":-0.0000362654,"25":-0.0000405928,"26":-0.000020677,"27":-0.0000402454,"28":-0.0000085518,"29":-0.0000439296},"mean_test_score":{"0":-0.0000414391,"1":-0.0000282776,"2":-0.0000335465,"3":-0.0000301442,"4":-0.0000393878,"5":-0.0000194611,"6":-0.0000324236,"7":-0.0000304029,"8":-0.0000394731,"9":-0.0000151327,"10":-0.0000164206,"11":-0.000017145,"12":-0.0000406383,"13":-0.0000370703,"14":-0.0000286201,"15":-0.0000269824,"16":-0.0000269774,"17":-0.0000341418,"18":-0.0000455658,"19":-0.0000335265,"20":-0.0000291241,"21":-0.0000217708,"22":-0.0000263647,"23":-0.0000317168,"24":-0.0000530962,"25":-0.0000373328,"26":-0.0000322442,"27":-0.0000188864,"28":-0.0000124689,"29":-0.0000428529},"std_test_score":{"0":0.0000058355,"1":0.0000098812,"2":0.0000245768,"3":0.0000204631,"4":0.0000153865,"5":0.0000056832,"6":0.0000039314,"7":0.0000098561,"8":0.0000021914,"9":0.0000015821,"10":0.0000086069,"11":0.0000114869,"12":0.0000049101,"13":0.000002824,"14":0.0000086898,"15":0.0000058755,"16":0.0000091925,"17":0.0000242958,"18":0.0000142721,"19":0.0000163568,"20":0.0000097143,"21":0.0000122955,"22":0.0000187523,"23":0.0000088642,"24":0.0000203239,"25":0.0000023124,"26":0.0000158073,"27":0.0000152443,"28":0.0000037791,"29":0.0000168121},"rank_test_score":{"0":27,"1":11,"2":20,"3":14,"4":24,"5":6,"6":18,"7":15,"8":25,"9":2,"10":3,"11":4,"12":26,"13":22,"14":12,"15":10,"16":9,"17":21,"18":29,"19":19,"20":13,"21":7,"22":8,"23":16,"24":30,"25":23,"26":17,"27":5,"28":1,"29":28},"split0_train_score":{"0":-0.0000519211,"1":-0.0000415993,"2":-0.000019643,"3":-0.0000180499,"4":-0.0000372719,"5":-0.0000236029,"6":-0.0000351547,"7":-0.0000244356,"8":-0.0000391654,"9":-0.0000174872,"10":-0.0000051661,"11":-0.0000098113,"12":-0.0000357094,"13":-0.0000375059,"14":-0.0000189168,"15":-0.0000236168,"16":-0.0000219529,"17":-0.0000213983,"18":-0.0000291111,